chapterno,score,words
1,5.281153846153846,"[('family', 7.72), ('delight', 7.78), ('great', 7.88), ('beautiful', 7.92), ('loved', 7.96)]"
2,5.395121951219511,"[('profit', 7.66), ('family', 7.72), ('blessed', 7.78), ('great', 7.88), ('laughing', 8.2)]"
3,4.4892655367231615,"[('death', 1.54), ('arrested', 1.64), ('fatal', 1.8), ('criminal', 1.98), ('dead', 2.0)]"
4,6.080869565217391,"[('festival', 7.7), ('blessed', 7.78), ('beautiful', 7.92), ('smiled', 8.08), ('excellent', 8.18)]"
5,5.302696629213482,"[('succeeded', 7.62), ('splendidly', 7.86), ('flowered', 7.88), ('beautiful', 7.92), ('loved', 7.96)]"
6,4.664666666666666,"[('kill', 1.56), ('terror', 1.76), ('destruction', 2.26), ('poor', 2.32), ('fear', 2.32)]"
7,5.76885416666667,"[('joy', 8.16), ('excellent', 8.18), ('laugh', 8.22), ('laughed', 8.26), ('happiness', 8.44)]"
8,5.4146511627907,"[('genius', 7.6), ('friend', 7.66), ('family', 7.72), ('great', 7.88), ('loves', 7.96)]"
9,4.703552631578948,"[('death', 1.54), ('kill', 1.56), ('torture', 1.58), ('die', 1.74), ('fatal', 1.8)]"
10,5.380379746835443,"[('great', 7.88), ('beautiful', 7.92), ('loved', 7.96), ('happy', 8.3), ('love', 8.42)]"
11,5.830192307692309,"[('success', 7.86), ('great', 7.88), ('rich', 7.98), ('win', 8.12), ('happy', 8.3)]"
12,6.023098591549296,"[('angel', 7.68), ('beauties', 7.76), ('loved', 7.96), ('celebration', 8.02), ('joy', 8.16)]"
13,5.299206349206347,"[('geniuses', 7.6), ('splendid', 7.86), ('great', 7.88), ('loves', 7.96), ('love', 8.42)]"
14,5.06635294117647,"[('mother', 7.68), ('sky', 7.76), ('sun', 7.8), ('excellent', 8.18), ('laughter', 8.5)]"
15,5.355937500000001,"[('pleasing', 7.4), ('gold', 7.56), ('sweet', 7.64), ('great', 7.88), ('love', 8.42)]"
16,5.34974025974026,"[('thank', 7.4), ('earn', 7.5), ('bright', 7.62), ('heaven', 7.86), ('joy', 8.16)]"
17,5.916944444444447,"[('mother', 7.68), ('family', 7.72), ('kissed', 7.84), ('great', 7.88), ('happy', 8.3)]"
18,5.745357142857143,"[('god', 7.28), ('inspired', 7.36), ('nice', 7.38), ('profit', 7.66), ('laugh', 8.22)]"
19,4.5012173913043485,"[('assassin', 1.48), ('died', 1.56), ('killed', 1.56), ('quake', 1.9), ('disaster', 1.96)]"
20,4.12588888888889,"[('torture', 1.58), ('arrested', 1.64), ('die', 1.74), ('fatal', 1.8), ('war', 1.8)]"
21,4.065641025641026,"[('death', 1.54), ('tortured', 1.82), ('drowning', 2.44), ('attacks', 2.46), ('losses', 2.46)]"
22,5.682307692307692,"[('liberty', 7.24), ('liberation', 7.35), ('sundays', 7.38), ('festival', 7.7), ('free', 7.96)]"
23,4.904791666666666,"[('robbed', 2.18), ('stroke', 2.58), ('losing', 2.62), ('difficult', 3.18), ('convict', 3.2)]"
24,5.108292682926831,"[('moonlight', 7.5), ('kiss', 7.64), ('fantastic', 7.78), ('heaven', 7.86), ('peace', 7.86)]"
25,4.951904761904761,"[('violent', 2.06), ('poor', 2.32), ('stolen', 2.5), ('grave', 2.56), ('broken', 3.02)]"
26,4.6605421686747,"[('died', 1.56), ('cry', 1.84), ('evil', 1.9), ('prison', 2.06), ('violent', 2.06)]"
27,5.017011494252874,"[('friends', 7.92), ('won', 8.1), ('laugh', 8.22), ('laughed', 8.26), ('happiness', 8.44)]"
28,5.605824175824176,"[('loves', 7.96), ('pleasure', 8.08), ('won', 8.1), ('laughed', 8.26), ('love', 8.42)]"
29,6.408636363636367,"[('great', 7.88), ('vacation', 7.92), ('beautiful', 7.92), ('joy', 8.16), ('love', 8.42)]"
30,6.337083333333333,"[('butterflies', 7.92), ('beautiful', 7.92), ('laugh', 8.22), ('happy', 8.3), ('love', 8.42)]"
31,5.983269230769229,"[('sunlight', 7.88), ('sunshine', 7.94), ('free', 7.96), ('happy', 8.3), ('laughter', 8.5)]"
32,0.0,[]
33,6.192000000000002,"[('bed', 7.18), ('mother', 7.68), ('peace', 7.86), ('smiled', 8.08), ('love', 8.42)]"
34,5.657214285714288,"[('beautiful', 7.92), ('loved', 7.96), ('joy', 8.16), ('happy', 8.3), ('love', 8.42)]"
35,5.089411764705881,"[('energy', 7.22), ('thanks', 7.4), ('surprise', 7.42), ('merry', 7.56), ('kiss', 7.64)]"
36,5.889361702127657,"[('dinner', 7.4), ('merry', 7.56), ('delighted', 7.78), ('laughed', 8.26), ('love', 8.42)]"
37,6.015028571428571,"[('great', 7.88), ('beautiful', 7.92), ('smile', 8.1), ('happiness', 8.44), ('laughter', 8.5)]"
38,5.3108571428571425,"[('romance', 7.5), ('romantically', 7.72), ('romantic', 7.72), ('great', 7.88), ('loving', 7.96)]"
39,5.475797101449277,"[('mother', 7.68), ('great', 7.88), ('beautiful', 7.92), ('loved', 7.96), ('love', 8.42)]"
40,5.812,"[('special', 7.2), ('progress', 7.26), ('fortune', 7.3), ('inspired', 7.36), ('mother', 7.68)]"
41,6.0104545454545475,"[('profited', 7.66), ('delight', 7.78), ('free', 7.96), ('healthy', 8.02), ('joy', 8.16)]"
42,5.396375000000001,"[('rich', 7.98), ('smiled', 8.08), ('pleasure', 8.08), ('excellent', 8.18), ('happy', 8.3)]"
43,5.384074074074074,"[('great', 7.88), ('paradise', 7.92), ('loved', 7.96), ('love', 8.42), ('happiness', 8.44)]"
44,4.921578947368421,"[('killed', 1.56), ('arrested', 1.64), ('epidemic', 1.72), ('terror', 1.76), ('failed', 1.84)]"
45,4.426909090909089,"[('kill', 1.56), ('bankruptcy', 2.06), ('cried', 2.2), ('poor', 2.32), ('enemies', 2.44)]"
46,5.846666666666668,"[('like', 7.22), ('prosperity', 7.3), ('money', 7.3), ('great', 7.88), ('rich', 7.98)]"
47,5.3088,"[('great', 7.88), ('beautiful', 7.92), ('pleasure', 8.08), ('joyful', 8.16), ('joy', 8.16)]"
48,5.231632653061224,"[('great', 7.88), ('beautiful', 7.92), ('congratulated', 8.0), ('happy', 8.3), ('happiness', 8.44)]"
49,4.675368421052632,"[('die', 1.74), ('pain', 2.1), ('hated', 2.14), ('cried', 2.2), ('poor', 2.32)]"
50,3.635,"[('death', 1.54), ('slavery', 2.02), ('suffered', 2.24), ('error', 2.6), ('misery', 2.68)]"
51,4.596176470588236,"[('died', 1.56), ('ugly', 2.74), ('burying', 2.93), ('quarrel', 3.0), ('condemned', 3.0)]"
52,4.723617021276595,"[('arrested', 1.64), ('failed', 1.84), ('criminal', 1.98), ('punish', 2.0), ('prison', 2.06)]"
53,5.4228,"[('mother', 7.68), ('smiled', 8.08), ('smile', 8.1), ('happy', 8.3), ('happiness', 8.44)]"
54,4.573493150684931,"[('died', 1.56), ('arrested', 1.64), ('jail', 1.76), ('failed', 1.84), ('cry', 1.84)]"
55,4.907636363636365,"[('death', 1.54), ('unhappy', 2.12), ('agony', 2.16), ('fear', 2.32), ('satan', 2.56)]"
56,5.151851851851852,"[('gentle', 7.24), ('eating', 7.3), ('rose', 7.32), ('food', 7.44), ('accomplish', 7.58)]"
57,4.81692307692308,"[('death', 1.54), ('die', 1.74), ('terror', 1.76), ('fatal', 1.8), ('earthquake', 1.9)]"
58,4.749811320754716,"[('dead', 2.0), ('painful', 2.12), ('cried', 2.2), ('suffering', 2.22), ('nightmare', 2.32)]"
59,4.934722222222222,"[('die', 1.74), ('fatal', 1.8), ('violent', 2.06), ('suffered', 2.24), ('theft', 2.3)]"
60,5.23,"[('free', 7.96), ('smiled', 8.08), ('joy', 8.16), ('laughed', 8.26), ('love', 8.42)]"
61,4.45509433962264,"[('arrested', 1.64), ('murdered', 1.8), ('fail', 1.96), ('criminal', 1.98), ('violent', 2.06)]"
62,4.41125,"[('unhappy', 2.12), ('painful', 2.12), ('arrest', 2.42), ('stupid', 2.68), ('terrible', 2.84)]"
63,4.136315789473685,"[('death', 1.54), ('fatal', 1.8), ('criminal', 1.98), ('violent', 2.06), ('funeral', 2.1)]"
64,4.632212389380531,"[('sickly', 2.02), ('prison', 2.06), ('crime', 2.2), ('theft', 2.3), ('poor', 2.32)]"
65,4.674999999999997,"[('arrested', 1.64), ('terror', 1.76), ('injurious', 2.04), ('unhappy', 2.12), ('robbed', 2.18)]"
66,4.5313043478260875,"[('death', 1.54), ('dead', 2.0), ('sick', 2.02), ('painful', 2.12), ('poor', 2.32)]"
67,5.415714285714287,"[('mother', 7.68), ('smiled', 8.08), ('pleasure', 8.08), ('joy', 8.16), ('happy', 8.3)]"
68,4.846785714285715,"[('evil', 1.9), ('arrest', 2.42), ('flood', 2.42), ('betrayed', 2.57), ('mad', 2.6)]"
69,4.601379310344827,"[('murdered', 1.8), ('dead', 2.0), ('unhappy', 2.12), ('cried', 2.2), ('arrest', 2.42)]"
70,4.399326923076922,"[('died', 1.56), ('arresting', 1.64), ('evil', 1.9), ('robbery', 2.08), ('funeral', 2.1)]"
71,5.2694117647058825,"[('rose', 7.32), ('flowers', 7.56), ('succeed', 7.76), ('sun', 7.8), ('beautiful', 7.92)]"
72,4.1216176470588275,"[('death', 1.54), ('massacre', 1.7), ('typhus', 1.72), ('die', 1.74), ('cry', 1.84)]"
73,4.391739130434779,"[('killed', 1.56), ('war', 1.8), ('suffering', 2.22), ('loss', 2.56), ('grave', 2.56)]"
74,5.168695652173913,"[('good', 7.2), ('star', 7.22), ('divine', 7.26), ('truth', 7.42), ('great', 7.88)]"
75,4.5272727272727264,"[('war', 1.8), ('horrible', 2.24), ('tragic', 2.34), ('attack', 2.42), ('attacked', 2.52)]"
76,4.110322580645161,"[('killed', 1.56), ('massacred', 1.7), ('dead', 2.0), ('cried', 2.2), ('lost', 2.76)]"
77,5.37569230769231,"[('smile', 8.1), ('joy', 8.16), ('laughs', 8.18), ('laughingly', 8.2), ('laughter', 8.5)]"
78,3.85475,"[('killed', 1.56), ('killing', 1.7), ('fatal', 1.8), ('wounded', 2.42), ('negative', 2.42)]"
79,4.2766666666666655,"[('suffering', 2.22), ('tragic', 2.34), ('flood', 2.42), ('ill', 2.42), ('corpses', 2.55)]"
80,3.5484523809523796,"[('died', 1.56), ('killed', 1.56), ('killing', 1.7), ('fatal', 1.8), ('disaster', 1.96)]"
81,4.759999999999999,"[('death', 1.54), ('painful', 2.12), ('fired', 2.3), ('bad', 2.64), ('burning', 2.88)]"
82,4.28972972972973,"[('killed', 1.56), ('carnage', 1.7), ('disaster', 1.96), ('dies', 2.08), ('unhappy', 2.12)]"
83,4.301777777777779,"[('assassination', 1.48), ('death', 1.54), ('kill', 1.56), ('cry', 1.84), ('dead', 2.0)]"
84,4.16125,"[('death', 1.54), ('died', 1.56), ('fatal', 1.8), ('dying', 2.1), ('corpses', 2.55)]"
85,4.709268292682927,"[('die', 1.74), ('kills', 1.78), ('violent', 2.06), ('agony', 2.16), ('rage', 2.56)]"
86,4.837171717171719,"[('death', 1.54), ('massacre', 1.7), ('carnage', 1.7), ('war', 1.8), ('fatal', 1.8)]"
87,5.454375,"[('progress', 7.26), ('triumphed', 7.46), ('great', 7.88), ('victory', 7.98), ('smiled', 8.08)]"
88,5.199767441860464,"[('splendid', 7.86), ('peace', 7.86), ('great', 7.88), ('beautiful', 7.92), ('love', 8.42)]"
89,4.5709401709401725,"[('death', 1.54), ('fatal', 1.8), ('war', 1.8), ('evil', 1.9), ('disaster', 1.96)]"
90,4.384782608695653,"[('death', 1.54), ('died', 1.56), ('fatal', 1.8), ('criminal', 1.98), ('prison', 2.06)]"
91,4.745303030303031,"[('torture', 1.58), ('evil', 1.9), ('dies', 2.08), ('devil', 2.24), ('lying', 2.58)]"
92,4.377625000000005,"[('terrorism', 1.48), ('terror', 1.76), ('war', 1.8), ('fatal', 1.8), ('cry', 1.84)]"
93,5.6112820512820525,"[('family', 7.72), ('great', 7.88), ('christmas', 7.96), ('love', 8.42), ('laughter', 8.5)]"
94,5.124927536231886,"[('succeed', 7.76), ('great', 7.88), ('loved', 7.96), ('victorious', 7.98), ('smiled', 8.08)]"
95,4.382571428571429,"[('suffered', 2.24), ('lies', 2.62), ('ugly', 2.74), ('screamed', 3.27), ('savage', 3.31)]"
96,5.729166666666667,"[('wonderful', 7.76), ('fantastic', 7.78), ('beautiful', 7.92), ('rich', 7.98), ('happy', 8.3)]"
97,4.26526785714286,"[('terror', 1.76), ('failed', 1.84), ('dead', 2.0), ('violent', 2.06), ('painful', 2.12)]"
98,5.509787234042553,"[('intelligent', 7.35), ('success', 7.86), ('great', 7.88), ('christmas', 7.96), ('smile', 8.1)]"
99,5.39032258064516,"[('hope', 7.38), ('gold', 7.56), ('romantic', 7.72), ('great', 7.88), ('beautiful', 7.92)]"
100,5.159298245614038,"[('christmas', 7.96), ('rich', 7.98), ('joy', 8.16), ('laugh', 8.22), ('happiness', 8.44)]"
101,5.576666666666669,"[('joy', 8.16), ('laugh', 8.22), ('laughed', 8.26), ('happy', 8.3), ('love', 8.42)]"
102,5.296349206349207,"[('million', 7.38), ('honest', 7.46), ('succeeded', 7.62), ('mother', 7.68), ('great', 7.88)]"
103,4.857333333333333,"[('mourning', 2.86), ('lack', 3.16), ('fell', 3.22), ('isolated', 3.46), ('no', 3.48)]"
104,4.647428571428574,"[('assassination', 1.48), ('death', 1.54), ('fatal', 1.8), ('sadness', 1.88), ('suffers', 2.08)]"
105,5.7540000000000004,"[('sun', 7.8), ('kissed', 7.84), ('joy', 8.16), ('happy', 8.3), ('happiness', 8.44)]"
106,5.836299999999998,"[('smile', 8.1), ('joy', 8.16), ('happy', 8.3), ('love', 8.42), ('happiness', 8.44)]"
107,4.62625,"[('poor', 2.32), ('unfortunate', 2.94), ('suspicious', 3.28), ('never', 3.34), ('against', 3.4)]"
108,4.882666666666666,"[('dead', 2.0), ('poor', 2.32), ('ill', 2.42), ('lose', 2.76), ('burn', 2.92)]"
109,5.0028813559322005,"[('fail', 1.96), ('useless', 2.52), ('betrayed', 2.57), ('lie', 2.6), ('lost', 2.76)]"
110,5.09625,"[('like', 7.22), ('child', 7.24), ('hope', 7.38), ('moonlight', 7.5), ('lucky', 7.68)]"
111,4.169583333333333,"[('blind', 2.58), ('lying', 2.58), ('retarded', 2.62), ('doubt', 3.16), ('never', 3.34)]"
112,4.397391304347827,"[('tear', 3.1), ('severe', 3.16), ('forced', 3.16), ('fell', 3.22), ('against', 3.4)]"
113,4.056557377049181,"[('terror', 1.76), ('cry', 1.84), ('crying', 2.04), ('prison', 2.06), ('violent', 2.06)]"
114,4.798222222222221,"[('died', 1.56), ('dying', 2.1), ('tragic', 2.34), ('blind', 2.58), ('demons', 2.64)]"
115,4.557741935483872,"[('funereal', 2.1), ('horrible', 2.24), ('poor', 2.32), ('fear', 2.32), ('lying', 2.58)]"
116,5.047500000000001,"[('gently', 7.29), ('life', 7.32), ('freedom', 7.9), ('music', 8.02), ('love', 8.42)]"
117,5.192444444444442,"[('blessing', 7.4), ('earn', 7.5), ('moonlight', 7.5), ('wonderful', 7.76), ('joy', 8.16)]"
118,4.848691099476438,"[('death', 1.54), ('died', 1.56), ('kill', 1.56), ('arrested', 1.64), ('arresting', 1.64)]"
119,4.9126315789473685,"[('funereal', 2.1), ('terrible', 2.84), ('impossible', 2.9), ('severe', 3.16), ('difficult', 3.18)]"
120,5.206699029126215,"[('festivals', 7.7), ('festival', 7.7), ('great', 7.88), ('loved', 7.96), ('love', 8.42)]"
121,6.420000000000001,"[('festival', 7.7), ('succeed', 7.76), ('illustrious', 7.8), ('great', 7.88), ('happiness', 8.44)]"
122,6.3411475409836076,"[('smile', 8.1), ('joy', 8.16), ('laughs', 8.18), ('laugh', 8.22), ('happiness', 8.44)]"
123,5.56018181818182,"[('celebrate', 7.98), ('smiled', 8.08), ('win', 8.12), ('joy', 8.16), ('love', 8.42)]"
124,5.781315789473684,"[('like', 7.22), ('divine', 7.26), ('perfectly', 7.28), ('mother', 7.68), ('great', 7.88)]"
125,6.991333333333336,"[('family', 7.72), ('great', 7.88), ('beautiful', 7.92), ('loved', 7.96), ('excellent', 8.18)]"
126,5.003636363636364,"[('prison', 2.06), ('coffin', 2.96), ('severe', 3.16), ('cut', 3.42), ('dust', 3.6)]"
127,6.496206896551724,"[('loves', 7.96), ('pleasure', 8.08), ('laughs', 8.18), ('laughing', 8.2), ('love', 8.42)]"
128,6.914444444444445,"[('like', 7.22), ('satisfy', 7.34), ('adoration', 7.42), ('finest', 7.66), ('mother', 7.68)]"
129,4.969117647058822,"[('assassinated', 1.48), ('death', 1.54), ('burden', 2.82), ('wound', 2.96), ('hostile', 3.02)]"
130,6.288,"[('ill', 2.42), ('idea', 7.06), ('book', 7.24), ('god', 7.28), ('food', 7.44)]"
131,5.063333333333334,"[('diamonds', 7.68), ('wonderful', 7.76), ('illustrious', 7.8), ('great', 7.88), ('healthy', 8.02)]"
132,4.94767441860465,"[('kill', 1.56), ('tortures', 1.58), ('war', 1.8), ('violence', 1.86), ('attack', 2.42)]"
133,5.945555555555555,"[('liberty', 7.24), ('respectful', 7.34), ('family', 7.72), ('splendid', 7.86), ('rich', 7.98)]"
134,6.091538461538462,"[('tree', 7.12), ('god', 7.28), ('respect', 7.34), ('intelligent', 7.35), ('great', 7.88)]"
135,5.017435897435897,"[('truth', 7.42), ('goodness', 7.58), ('illustrious', 7.8), ('great', 7.88), ('love', 8.42)]"
136,3.9666666666666663,"[('suicide', 1.3), ('torture', 1.58), ('suffers', 2.08), ('hell', 2.22), ('blame', 2.82)]"
137,4.8776190476190475,"[('suffers', 2.08), ('grave', 2.56), ('error', 2.6), ('lies', 2.62), ('mistake', 2.78)]"
138,5.266893939393938,"[('friend', 7.66), ('angel', 7.68), ('mother', 7.68), ('peace', 7.86), ('sunshine', 7.94)]"
139,5.677659574468086,"[('succeeded', 7.62), ('mother', 7.68), ('success', 7.86), ('great', 7.88), ('excellent', 8.18)]"
140,5.186363636363635,"[('wonderful', 7.76), ('blessed', 7.78), ('peace', 7.86), ('great', 7.88), ('paradise', 7.92)]"
141,4.464148936170213,"[('died', 1.56), ('kills', 1.78), ('bomb', 1.96), ('dead', 2.0), ('sick', 2.02)]"
142,4.9823469387755095,"[('die', 1.74), ('funereal', 2.1), ('cried', 2.2), ('tragic', 2.34), ('burial', 2.44)]"
143,4.544666666666667,"[('dead', 2.0), ('grave', 2.56), ('lose', 2.76), ('lost', 2.76), ('terrible', 2.84)]"
144,4.773664122137404,"[('suicide', 1.3), ('death', 1.54), ('killed', 1.56), ('die', 1.74), ('violence', 1.86)]"
145,5.459298245614035,"[('mother', 7.68), ('beauty', 7.76), ('won', 8.1), ('successful', 8.16), ('excellent', 8.18)]"
146,5.481865671641793,"[('excellent', 8.18), ('laugh', 8.22), ('laughed', 8.26), ('love', 8.42), ('happiness', 8.44)]"
147,5.4511111111111115,"[('child', 7.24), ('play', 7.26), ('god', 7.28), ('couple', 7.3), ('food', 7.44)]"
148,4.838888888888888,"[('dead', 2.0), ('crying', 2.04), ('funeral', 2.1), ('hatred', 2.22), ('grave', 2.56)]"
149,5.692499999999999,"[('children', 7.12), ('like', 7.22), ('baby', 7.28), ('thanks', 7.4), ('enthusiasm', 7.46)]"
150,5.199999999999999,"[('pale', 3.8), ('children', 7.12), ('child', 7.24), ('god', 7.28), ('fortune', 7.3)]"
151,6.098292682926829,"[('sweet', 7.64), ('great', 7.88), ('sunshine', 7.94), ('loves', 7.96), ('free', 7.96)]"
152,5.398222222222222,"[('families', 7.54), ('shines', 7.6), ('honesty', 7.76), ('splendid', 7.86), ('great', 7.88)]"
153,4.454146341463414,"[('death', 1.54), ('died', 1.56), ('die', 1.74), ('poor', 2.32), ('fear', 2.32)]"
154,5.674166666666667,"[('helped', 7.28), ('pleases', 7.4), ('perfect', 7.42), ('celebrated', 7.8), ('loves', 7.96)]"
155,6.6499999999999995,"[('child', 7.24), ('rose', 7.32), ('miracles', 7.44), ('handsome', 7.54), ('paradise', 7.92)]"
156,5.369444444444444,"[('festival', 7.7), ('splendid', 7.86), ('heaven', 7.86), ('great', 7.88), ('happy', 8.3)]"
157,5.562499999999999,"[('faithful', 7.51), ('genius', 7.6), ('great', 7.88), ('laughing', 8.2), ('laugh', 8.22)]"
158,5.515000000000001,"[('employed', 7.28), ('thanks', 7.4), ('sing', 7.44), ('splendid', 7.86), ('great', 7.88)]"
159,5.651014492753626,"[('great', 7.88), ('loved', 7.96), ('laugh', 8.22), ('laughed', 8.26), ('love', 8.42)]"
160,5.936,"[('progress', 7.26), ('passion', 7.3), ('pretty', 7.32), ('income', 7.58), ('great', 7.88)]"
161,6.1400000000000015,"[('millions', 7.26), ('lovers', 7.54), ('flowers', 7.56), ('maternal', 7.68), ('great', 7.88)]"
162,6.301578947368421,"[('astonishment', 7.42), ('fond', 7.53), ('beauties', 7.76), ('celebrated', 7.8), ('laughter', 8.5)]"
163,5.438823529411765,"[('prizes', 7.2), ('hope', 7.38), ('adored', 7.42), ('gold', 7.56), ('great', 7.88)]"
164,5.784444444444443,"[('fortune', 7.3), ('satisfaction', 7.34), ('cares', 7.36), ('fond', 7.53), ('great', 7.88)]"
165,4.84175,"[('died', 1.56), ('sorrow', 2.12), ('robbed', 2.18), ('hell', 2.22), ('poor', 2.32)]"
166,3.2962499999999997,"[('abandoning', 2.54), ('lost', 2.76), ('never', 3.34), ('against', 3.4), ('no', 3.48)]"
167,5.58404255319149,"[('positive', 7.8), ('splendidly', 7.86), ('great', 7.88), ('paradise', 7.92), ('pleasure', 8.08)]"
168,5.448813559322035,"[('handsome', 7.54), ('income', 7.58), ('great', 7.88), ('friends', 7.92), ('happy', 8.3)]"
169,5.203333333333333,"[('great', 7.88), ('rich', 7.98), ('joy', 8.16), ('love', 8.42), ('happiness', 8.44)]"
170,5.526203703703702,"[('pleasures', 8.08), ('smiled', 8.08), ('smile', 8.1), ('joy', 8.16), ('love', 8.42)]"
171,4.797142857142856,"[('death', 1.54), ('evil', 1.9), ('dead', 2.0), ('sorrow', 2.12), ('grief', 2.33)]"
172,5.492608695652175,"[('family', 7.72), ('loved', 7.96), ('rich', 7.98), ('happy', 8.3), ('love', 8.42)]"
173,5.498984375000002,"[('kissed', 7.84), ('splendid', 7.86), ('great', 7.88), ('free', 7.96), ('love', 8.42)]"
174,5.852539682539684,"[('kissed', 7.84), ('splendidly', 7.86), ('victorious', 7.98), ('joy', 8.16), ('laugh', 8.22)]"
175,5.114024390243903,"[('fondly', 7.53), ('great', 7.88), ('friends', 7.92), ('smile', 8.1), ('love', 8.42)]"
176,5.721914062500002,"[('smile', 8.1), ('won', 8.1), ('joy', 8.16), ('excellent', 8.18), ('laughed', 8.26)]"
177,4.7873170731707315,"[('death', 1.54), ('funeral', 2.1), ('hated', 2.14), ('attack', 2.42), ('lying', 2.58)]"
178,4.202068965517243,"[('cry', 1.84), ('tragedy', 2.06), ('pain', 2.1), ('cried', 2.2), ('suffered', 2.24)]"
179,5.141666666666669,"[('laughs', 8.18), ('laughing', 8.2), ('laugh', 8.22), ('love', 8.42), ('happiness', 8.44)]"
180,5.322999999999999,"[('mother', 7.68), ('splendid', 7.86), ('great', 7.88), ('laughing', 8.2), ('laughter', 8.5)]"
181,5.498666666666668,"[('respectful', 7.34), ('grandfather', 7.38), ('pleasing', 7.4), ('joy', 8.16), ('excellence', 8.18)]"
182,4.923518518518517,"[('fatal', 1.8), ('destitution', 1.98), ('unhappiness', 2.12), ('angry', 2.32), ('stolen', 2.5)]"
183,4.635483870967743,"[('death', 1.54), ('failed', 1.84), ('bankruptcy', 2.06), ('worst', 2.1), ('dying', 2.1)]"
184,5.4729824561403495,"[('loved', 7.96), ('rich', 7.98), ('joy', 8.16), ('happy', 8.3), ('love', 8.42)]"
185,5.986700000000002,"[('loving', 7.96), ('enjoyed', 8.02), ('pleasures', 8.08), ('love', 8.42), ('happiness', 8.44)]"
186,5.604090909090908,"[('dreams', 7.44), ('opportunities', 7.46), ('party', 7.58), ('music', 8.02), ('pleasure', 8.08)]"
187,5.325625,"[('sing', 7.44), ('sweet', 7.64), ('profiting', 7.66), ('sweetest', 7.92), ('love', 8.42)]"
188,6.015090909090911,"[('family', 7.72), ('friendships', 7.96), ('smile', 8.1), ('excellent', 8.18), ('laughing', 8.2)]"
189,6.067499999999998,"[('sky', 7.76), ('wonderful', 7.76), ('smiles', 7.76), ('beautiful', 7.92), ('rich', 7.98)]"
190,5.6675,"[('hearts', 7.26), ('passion', 7.3), ('adorable', 7.32), ('angels', 7.66), ('sky', 7.76)]"
191,5.119999999999999,"[('perfectly', 7.28), ('lovely', 7.32), ('splendid', 7.86), ('great', 7.88), ('comedy', 7.98)]"
192,5.515714285714286,"[('respected', 7.18), ('best', 7.18), ('garden', 7.22), ('like', 7.22), ('sweet', 7.64)]"
193,5.39490909090909,"[('free', 7.96), ('loved', 7.96), ('laugh', 8.22), ('laughed', 8.26), ('love', 8.42)]"
194,6.296764705882352,"[('kissed', 7.84), ('beautiful', 7.92), ('delicious', 7.92), ('kissing', 7.94), ('love', 8.42)]"
195,5.3342857142857145,"[('passion', 7.3), ('merry', 7.56), ('great', 7.88), ('delicious', 7.92), ('happy', 8.3)]"
196,5.769142857142855,"[('success', 7.86), ('great', 7.88), ('rich', 7.98), ('love', 8.42), ('happiness', 8.44)]"
197,4.082142857142858,"[('evil', 1.9), ('grave', 2.56), ('lies', 2.62), ('arrests', 2.72), ('explosion', 2.94)]"
198,4.168857142857144,"[('fatal', 1.8), ('suffering', 2.22), ('destruction', 2.26), ('destroy', 2.52), ('error', 2.6)]"
199,4.843414634146342,"[('assassin', 1.48), ('evil', 1.9), ('robbery', 2.08), ('crimes', 2.14), ('poor', 2.32)]"
200,4.789259259259261,"[('worst', 2.1), ('crimes', 2.14), ('crime', 2.2), ('poor', 2.32), ('abandoned', 2.54)]"
201,5.489999999999999,"[('friends', 7.92), ('loving', 7.96), ('congratulating', 8.0), ('pleasure', 8.08), ('happy', 8.3)]"
202,5.604444444444444,"[('angels', 7.66), ('sun', 7.8), ('beautiful', 7.92), ('love', 8.42), ('happiness', 8.44)]"
203,4.980595238095238,"[('die', 1.74), ('fatal', 1.8), ('cruel', 1.84), ('sick', 2.02), ('suffer', 2.08)]"
204,5.340820895522392,"[('sunlight', 7.88), ('great', 7.88), ('smile', 8.1), ('laugh', 8.22), ('happiness', 8.44)]"
205,4.38,"[('death', 1.54), ('fatal', 1.8), ('failed', 1.84), ('fail', 1.96), ('agony', 2.16)]"
206,4.751343283582088,"[('death', 1.54), ('poverty', 1.98), ('hurt', 2.18), ('horrible', 2.24), ('betrayed', 2.57)]"
207,5.1190625,"[('rose', 7.32), ('triumph', 7.46), ('sweet', 7.64), ('mother', 7.68), ('sun', 7.8)]"
208,5.600833333333334,"[('mother', 7.68), ('smiles', 7.76), ('loved', 7.96), ('rich', 7.98), ('happy', 8.3)]"
209,4.759154929577467,"[('fatal', 1.8), ('annihilating', 2.04), ('suffers', 2.08), ('unhappy', 2.12), ('sobbing', 2.22)]"
210,4.683275862068966,"[('evil', 1.9), ('destitute', 1.98), ('criminal', 1.98), ('sick', 2.02), ('drowned', 2.16)]"
211,5.453548387096775,"[('kind', 7.24), ('life', 7.32), ('hope', 7.38), ('beautiful', 7.92), ('joy', 8.16)]"
212,5.433714285714287,"[('mother', 7.68), ('family', 7.72), ('romantic', 7.72), ('beautiful', 7.92), ('laugh', 8.22)]"
213,4.658437499999999,"[('terror', 1.76), ('worst', 2.1), ('waste', 2.7), ('terrible', 2.84), ('horror', 3.04)]"
214,4.517608695652174,"[('fear', 2.32), ('shot', 2.5), ('lie', 2.6), ('threatened', 2.62), ('embarrasses', 2.68)]"
215,5.015,"[('profit', 7.66), ('lucky', 7.68), ('flowery', 7.88), ('great', 7.88), ('butterflies', 7.92)]"
216,4.747619047619047,"[('cried', 2.2), ('harm', 2.54), ('beating', 2.56), ('waste', 2.7), ('ugly', 2.74)]"
217,5.048333333333334,"[('families', 7.54), ('mother', 7.68), ('heaven', 7.86), ('laugh', 8.22), ('laughter', 8.5)]"
218,4.717777777777779,"[('violent', 2.06), ('tragic', 2.34), ('stroke', 2.58), ('losing', 2.62), ('missing', 2.98)]"
219,5.072916666666667,"[('strength', 7.4), ('surprise', 7.42), ('earn', 7.5), ('great', 7.88), ('happy', 8.3)]"
220,4.441322505800464,"[('assassin', 1.48), ('death', 1.54), ('died', 1.56), ('torture', 1.58), ('torturing', 1.58)]"
221,4.8549999999999995,"[('arresting', 1.64), ('cried', 2.2), ('horrible', 2.24), ('victims', 2.32), ('abandoned', 2.54)]"
222,4.741578947368422,"[('crying', 2.04), ('hatred', 2.22), ('assault', 2.56), ('betrayed', 2.57), ('lost', 2.76)]"
223,5.4376,"[('beautiful', 7.92), ('free', 7.96), ('loved', 7.96), ('victorious', 7.98), ('joy', 8.16)]"
224,5.1341463414634125,"[('profit', 7.66), ('family', 7.72), ('sun', 7.8), ('success', 7.86), ('great', 7.88)]"
225,5.2339310344827625,"[('loved', 7.96), ('free', 7.96), ('won', 8.1), ('excellent', 8.18), ('happy', 8.3)]"
226,4.814857142857144,"[('die', 1.74), ('terror', 1.76), ('kills', 1.78), ('fatality', 1.8), ('cry', 1.84)]"
227,4.758296296296295,"[('death', 1.54), ('killed', 1.56), ('cry', 1.84), ('cried', 2.2), ('suffering', 2.22)]"
228,5.246749999999999,"[('play', 7.26), ('luck', 7.26), ('perfect', 7.42), ('friends', 7.92), ('excellent', 8.18)]"
229,5.00059829059829,"[('suicide', 1.3), ('killed', 1.56), ('fatal', 1.8), ('sadness', 1.88), ('depressing', 1.9)]"
230,4.593934426229506,"[('assassinated', 1.48), ('prisons', 2.06), ('prison', 2.06), ('crimes', 2.14), ('crime', 2.2)]"
231,5.8796000000000035,"[('friends', 7.92), ('smiled', 8.08), ('successful', 8.16), ('happy', 8.3), ('love', 8.42)]"
232,5.576666666666668,"[('celebrated', 7.8), ('sunlight', 7.88), ('smile', 8.1), ('joy', 8.16), ('happiness', 8.44)]"
233,5.063139534883723,"[('great', 7.88), ('laughed', 8.26), ('happy', 8.3), ('love', 8.42), ('happiness', 8.44)]"
234,5.708999999999999,"[('beloved', 7.34), ('fond', 7.53), ('mother', 7.68), ('beautiful', 7.92), ('love', 8.42)]"
235,5.847837837837841,"[('sun', 7.8), ('splendid', 7.86), ('great', 7.88), ('butterflies', 7.92), ('free', 7.96)]"
236,5.991944444444443,"[('loved', 7.96), ('pleasure', 8.08), ('smile', 8.1), ('love', 8.42), ('happiness', 8.44)]"
237,5.66,"[('delicious', 7.92), ('paradise', 7.92), ('joy', 8.16), ('happy', 8.3), ('love', 8.42)]"
238,5.837000000000001,"[('delicious', 7.92), ('loved', 7.96), ('music', 8.02), ('smiled', 8.08), ('love', 8.42)]"
239,4.549,"[('war', 1.8), ('sadness', 1.88), ('evil', 1.9), ('hurt', 2.18), ('suffering', 2.22)]"
240,5.1562345679012385,"[('loved', 7.96), ('pleasure', 8.08), ('happy', 8.3), ('love', 8.42), ('happiness', 8.44)]"
241,5.913188405797103,"[('free', 7.96), ('music', 8.02), ('joy', 8.16), ('laughed', 8.26), ('happiness', 8.44)]"
242,5.086838235294117,"[('blessed', 7.78), ('enjoying', 7.84), ('great', 7.88), ('free', 7.96), ('laughing', 8.2)]"
243,4.936585365853658,"[('fatal', 1.8), ('painful', 2.12), ('sorrow', 2.12), ('dangerous', 2.44), ('abandoned', 2.54)]"
244,5.596153846153846,"[('merry', 7.56), ('succeeding', 7.58), ('great', 7.88), ('beautiful', 7.92), ('laughter', 8.5)]"
245,4.67830188679245,"[('assassinated', 1.48), ('terror', 1.76), ('sadness', 1.88), ('fail', 1.96), ('dying', 2.1)]"
246,6.190714285714288,"[('loved', 7.96), ('smile', 8.1), ('joy', 8.16), ('love', 8.42), ('happiness', 8.44)]"
247,4.945777777777779,"[('death', 1.54), ('suffering', 2.22), ('grave', 2.56), ('shame', 2.68), ('thief', 2.94)]"
248,5.41075471698113,"[('thank', 7.4), ('adored', 7.42), ('accomplishing', 7.58), ('splendid', 7.86), ('love', 8.42)]"
249,5.251707317073173,"[('succeeded', 7.62), ('profit', 7.66), ('mother', 7.68), ('celebrated', 7.8), ('great', 7.88)]"
250,5.267104477611944,"[('beautiful', 7.92), ('fun', 7.96), ('smile', 8.1), ('joy', 8.16), ('laugh', 8.22)]"
251,4.549540229885062,"[('failed', 1.84), ('cry', 1.84), ('punishment', 2.0), ('prison', 2.06), ('sufferers', 2.08)]"
252,4.732956521739129,"[('murderer', 1.48), ('fatal', 1.8), ('war', 1.8), ('evil', 1.9), ('suffer', 2.08)]"
253,4.625000000000002,"[('kills', 1.78), ('fatal', 1.8), ('evil', 1.9), ('dead', 2.0), ('sickly', 2.02)]"
254,4.728942307692309,"[('death', 1.54), ('torture', 1.58), ('cry', 1.84), ('sadness', 1.88), ('earthquakes', 1.9)]"
255,4.407368421052634,"[('suicide', 1.3), ('kill', 1.56), ('deaths', 1.64), ('terror', 1.76), ('fatal', 1.8)]"
256,6.154000000000001,"[('smile', 8.1), ('laugh', 8.22), ('laughed', 8.26), ('love', 8.42), ('laughter', 8.5)]"
257,5.345090909090909,"[('great', 7.88), ('beautiful', 7.92), ('loving', 7.96), ('love', 8.42), ('happiness', 8.44)]"
258,5.6172549019607825,"[('peace', 7.86), ('great', 7.88), ('paradise', 7.92), ('smile', 8.1), ('love', 8.42)]"
259,4.686875000000001,"[('killed', 1.56), ('cry', 1.84), ('evil', 1.9), ('fails', 2.06), ('drowned', 2.16)]"
260,3.248571428571428,"[('dead', 2.0), ('fear', 2.32), ('terrible', 2.84), ('cemetery', 2.94), ('confused', 2.98)]"
261,5.273846153846152,"[('loves', 7.96), ('music', 8.02), ('smile', 8.1), ('happy', 8.3), ('love', 8.42)]"
262,5.222845849802374,"[('rich', 7.98), ('enjoyed', 8.02), ('laughing', 8.2), ('happy', 8.3), ('love', 8.42)]"
263,5.144615384615384,"[('nature', 7.24), ('fresh', 7.26), ('perfectly', 7.28), ('thanks', 7.4), ('happy', 8.3)]"
264,5.054999999999999,"[('sun', 7.8), ('sweetness', 7.88), ('friends', 7.92), ('love', 8.42), ('happiness', 8.44)]"
265,5.4032941176470635,"[('celebrated', 7.8), ('heaven', 7.86), ('beautiful', 7.92), ('smiled', 8.08), ('successful', 8.16)]"
266,5.0550000000000015,"[('sky', 7.76), ('great', 7.88), ('victory', 7.98), ('pleasure', 8.08), ('happy', 8.3)]"
267,4.252352941176473,"[('assassinated', 1.48), ('death', 1.54), ('massacre', 1.7), ('war', 1.8), ('fatal', 1.8)]"
268,4.071125000000002,"[('death', 1.54), ('died', 1.56), ('killed', 1.56), ('war', 1.8), ('fatal', 1.8)]"
269,3.986140350877192,"[('killed', 1.56), ('war', 1.8), ('dead', 2.0), ('destroyed', 2.04), ('fired', 2.3)]"
270,4.476410256410256,"[('kill', 1.56), ('war', 1.8), ('fatal', 1.8), ('attack', 2.42), ('prisoners', 2.44)]"
271,4.801136363636362,"[('devil', 2.24), ('flood', 2.42), ('stolen', 2.5), ('loss', 2.56), ('lost', 2.76)]"
272,4.5705769230769215,"[('evil', 1.9), ('suffer', 2.08), ('poorer', 2.17), ('horrible', 2.24), ('poor', 2.32)]"
273,4.553684210526316,"[('die', 1.74), ('wounded', 2.42), ('crash', 2.6), ('broken', 3.02), ('never', 3.34)]"
274,4.5841379310344825,"[('cried', 2.2), ('fear', 2.32), ('gun', 2.82), ('cursed', 3.12), ('wasting', 3.22)]"
275,6.464615384615384,"[('couple', 7.3), ('pretty', 7.32), ('peaceful', 7.5), ('song', 7.58), ('friends', 7.92)]"
276,5.351111111111112,"[('paid', 7.14), ('like', 7.22), ('book', 7.24), ('perfectly', 7.28), ('mother', 7.68)]"
277,5.519500000000001,"[('fantastic', 7.78), ('celebrated', 7.8), ('illustrious', 7.8), ('great', 7.88), ('friends', 7.92)]"
278,5.12668789808917,"[('delicious', 7.92), ('beautiful', 7.92), ('exceptional', 8.18), ('happy', 8.3), ('love', 8.42)]"
279,4.885945945945944,"[('terror', 1.76), ('cried', 2.2), ('poor', 2.32), ('angry', 2.32), ('attack', 2.42)]"
280,4.813275862068965,"[('killed', 1.56), ('die', 1.74), ('cried', 2.2), ('enemy', 2.64), ('lost', 2.76)]"
281,3.8474193548387103,"[('dead', 2.0), ('fear', 2.32), ('tragic', 2.34), ('attack', 2.42), ('dangerous', 2.44)]"
282,5.389583333333333,"[('couple', 7.3), ('united', 7.32), ('peaceful', 7.5), ('fond', 7.53), ('love', 8.42)]"
283,5.074838709677418,"[('gold', 7.56), ('celebrated', 7.8), ('great', 7.88), ('smiled', 8.08), ('smile', 8.1)]"
284,3.6625333333333328,"[('murderer', 1.48), ('assassin', 1.48), ('assassination', 1.48), ('death', 1.54), ('killed', 1.56)]"
285,4.01657142857143,"[('shot', 2.5), ('mad', 2.6), ('burning', 2.88), ('suspended', 3.08), ('dull', 3.24)]"
286,4.586037735849057,"[('death', 1.54), ('killed', 1.56), ('fatal', 1.8), ('dead', 2.0), ('wailing', 2.22)]"
287,4.327647058823528,"[('assassinating', 1.48), ('killed', 1.56), ('war', 1.8), ('wars', 1.9), ('dead', 2.0)]"
288,4.1083333333333325,"[('cry', 1.84), ('violent', 2.06), ('wounded', 2.42), ('attack', 2.42), ('shot', 2.5)]"
289,4.545999999999999,"[('death', 1.54), ('terror', 1.76), ('dead', 2.0), ('hurt', 2.18), ('terrible', 2.84)]"
290,3.843333333333333,"[('killed', 1.56), ('corpse', 2.55), ('grave', 2.56), ('gun', 2.82), ('widow', 2.86)]"
291,3.4399999999999986,"[('death', 1.54), ('fatal', 1.8), ('dead', 2.0), ('dying', 2.1), ('horrible', 2.24)]"
292,4.8552380952380965,"[('death', 1.54), ('killed', 1.56), ('poor', 2.32), ('attack', 2.42), ('shot', 2.5)]"
293,4.611014492753624,"[('death', 1.54), ('die', 1.74), ('war', 1.8), ('unhappy', 2.12), ('agony', 2.16)]"
294,5.2631147540983605,"[('kiss', 7.64), ('loving', 7.96), ('loved', 7.96), ('joy', 8.16), ('love', 8.42)]"
295,5.018181818181819,"[('loved', 7.96), ('loves', 7.96), ('laugh', 8.22), ('happy', 8.3), ('love', 8.42)]"
296,4.998222222222221,"[('violent', 2.06), ('tragic', 2.34), ('attack', 2.42), ('crash', 2.6), ('enemy', 2.64)]"
297,3.799999999999999,"[('death', 1.54), ('cry', 1.84), ('dead', 2.0), ('violent', 2.06), ('hated', 2.14)]"
298,4.6444230769230765,"[('killed', 1.56), ('died', 1.56), ('war', 1.8), ('poison', 1.94), ('weapons', 2.4)]"
299,3.9959259259259254,"[('suicide', 1.3), ('killed', 1.56), ('tortures', 1.58), ('fatal', 1.8), ('war', 1.8)]"
300,4.683088235294118,"[('murder', 1.48), ('dead', 2.0), ('agony', 2.16), ('hatred', 2.22), ('sad', 2.38)]"
301,4.551818181818183,"[('death', 1.54), ('killed', 1.56), ('painful', 2.12), ('attack', 2.42), ('abandon', 2.54)]"
302,5.285916666666665,"[('rich', 7.98), ('healthy', 8.02), ('smiled', 8.08), ('joy', 8.16), ('happiness', 8.44)]"
303,4.904383561643836,"[('death', 1.54), ('terror', 1.76), ('fatal', 1.8), ('cry', 1.84), ('violent', 2.06)]"
304,4.13904761904762,"[('death', 1.54), ('kill', 1.56), ('prisons', 2.06), ('wept', 2.22), ('despair', 2.82)]"
305,3.9009615384615373,"[('death', 1.54), ('die', 1.74), ('war', 1.8), ('cried', 2.2), ('horrible', 2.24)]"
306,4.128571428571429,"[('kill', 1.56), ('killing', 1.7), ('dead', 2.0), ('troubled', 2.78), ('lied', 2.82)]"
307,3.9578571428571436,"[('death', 1.54), ('fired', 2.3), ('wounded', 2.42), ('broke', 2.54), ('lying', 2.58)]"
308,5.72988764044944,"[('flower', 7.88), ('great', 7.88), ('smile', 8.1), ('happy', 8.3), ('love', 8.42)]"
309,3.830666666666668,"[('kill', 1.56), ('kills', 1.78), ('fear', 2.32), ('shot', 2.5), ('assault', 2.56)]"
310,4.170909090909091,"[('killed', 1.56), ('kill', 1.56), ('cry', 1.84), ('dead', 2.0), ('decimated', 2.22)]"
311,3.66875,"[('killed', 1.56), ('arrested', 1.64), ('die', 1.74), ('war', 1.8), ('cried', 2.2)]"
312,4.23657142857143,"[('killed', 1.56), ('war', 1.8), ('pain', 2.1), ('rage', 2.56), ('lying', 2.58)]"
313,3.948833333333334,"[('killed', 1.56), ('killing', 1.7), ('dead', 2.0), ('fear', 2.32), ('shot', 2.5)]"
314,5.819620853080562,"[('enjoyed', 8.02), ('smile', 8.1), ('joy', 8.16), ('happy', 8.3), ('love', 8.42)]"
315,4.801923076923076,"[('war', 1.8), ('dead', 2.0), ('fear', 2.32), ('corpses', 2.55), ('fighting', 2.76)]"
316,4.385833333333333,"[('death', 1.54), ('war', 1.8), ('attack', 2.42), ('corpses', 2.55), ('lying', 2.58)]"
317,3.9978124999999998,"[('kill', 1.56), ('fired', 2.3), ('victim', 2.38), ('corpses', 2.55), ('burden', 2.82)]"
318,5.209591836734694,"[('beautiful', 7.92), ('free', 7.96), ('smile', 8.1), ('successful', 8.16), ('love', 8.42)]"
319,4.457938144329897,"[('death', 1.54), ('dead', 2.0), ('violent', 2.06), ('dies', 2.08), ('agony', 2.16)]"
320,3.745853658536588,"[('death', 1.54), ('killed', 1.56), ('kill', 1.56), ('carnage', 1.7), ('fatal', 1.8)]"
321,3.897213114754098,"[('death', 1.54), ('kill', 1.56), ('killed', 1.56), ('cry', 1.84), ('dead', 2.0)]"
322,3.9936363636363637,"[('suicide', 1.3), ('death', 1.54), ('violence', 1.86), ('dead', 2.0), ('agony', 2.16)]"
323,5.428625000000001,"[('gold', 7.56), ('wonderful', 7.76), ('success', 7.86), ('great', 7.88), ('rich', 7.98)]"
324,4.783714285714285,"[('murderers', 1.48), ('fear', 2.32), ('corpses', 2.55), ('shameful', 2.68), ('danger', 2.82)]"
325,5.125306122448981,"[('extraordinary', 7.5), ('enjoy', 7.66), ('celebrated', 7.8), ('splendid', 7.86), ('great', 7.88)]"
326,4.990925925925925,"[('arrested', 1.64), ('devil', 2.24), ('poor', 2.32), ('tragic', 2.34), ('drowning', 2.44)]"
327,5.939565217391305,"[('satisfied', 7.28), ('respect', 7.34), ('great', 7.88), ('beautiful', 7.92), ('loved', 7.96)]"
328,4.8905084745762695,"[('diseases', 1.88), ('disease', 2.0), ('slaughter', 2.41), ('floods', 2.42), ('burial', 2.44)]"
329,4.464285714285715,"[('murder', 1.48), ('death', 1.54), ('died', 1.56), ('die', 1.74), ('dead', 2.0)]"
330,4.009166666666666,"[('dying', 2.1), ('useless', 2.52), ('blind', 2.58), ('lie', 2.6), ('waste', 2.7)]"
331,4.503454545454544,"[('die', 1.74), ('thieves', 2.29), ('fear', 2.32), ('abandon', 2.54), ('rage', 2.56)]"
332,4.7989999999999995,"[('poor', 2.32), ('wounded', 2.42), ('blind', 2.58), ('error', 2.6), ('lies', 2.62)]"
333,4.405348837209305,"[('death', 1.54), ('die', 1.74), ('evil', 1.9), ('violent', 2.06), ('dying', 2.1)]"
334,4.185217391304348,"[('dying', 2.1), ('floods', 2.42), ('bad', 2.64), ('infected', 2.84), ('badly', 2.88)]"
335,4.523658536585364,"[('prison', 2.06), ('terrible', 2.84), ('burned', 2.9), ('tear', 3.1), ('exhausted', 3.14)]"
336,4.337936507936507,"[('assassinated', 1.48), ('killed', 1.56), ('kill', 1.56), ('horrible', 2.24), ('stolen', 2.5)]"
337,5.056140350877194,"[('sky', 7.76), ('sun', 7.8), ('peace', 7.86), ('great', 7.88), ('sweetness', 7.88)]"
338,5.2047058823529415,"[('bed', 7.18), ('heart', 7.22), ('like', 7.22), ('fresh', 7.26), ('life', 7.32)]"
339,4.834782608695652,"[('assassinated', 1.48), ('death', 1.54), ('violence', 1.86), ('impossible', 2.9), ('begged', 3.08)]"
340,4.4142222222222225,"[('death', 1.54), ('killed', 1.56), ('kill', 1.56), ('arrested', 1.64), ('die', 1.74)]"
341,4.11799126637555,"[('death', 1.54), ('killed', 1.56), ('arresting', 1.64), ('die', 1.74), ('cry', 1.84)]"
342,4.725555555555554,"[('theft', 2.3), ('damaged', 2.48), ('broke', 2.54), ('abandoned', 2.54), ('error', 2.6)]"
343,4.672075471698116,"[('kill', 1.56), ('war', 1.8), ('dead', 2.0), ('illness', 2.0), ('sick', 2.02)]"
344,5.182745098039213,"[('honest', 7.46), ('handsome', 7.54), ('great', 7.88), ('excellent', 8.18), ('love', 8.42)]"
345,5.55909090909091,"[('loving', 7.96), ('laughing', 8.2), ('happy', 8.3), ('love', 8.42), ('happiness', 8.44)]"
346,4.947142857142857,"[('drowned', 2.16), ('fearing', 2.32), ('buried', 2.84), ('gone', 3.42), ('no', 3.48)]"
347,6.013312883435583,"[('joy', 8.16), ('laughing', 8.2), ('happy', 8.3), ('love', 8.42), ('happiness', 8.44)]"
348,5.446341463414633,"[('sun', 7.8), ('great', 7.88), ('friends', 7.92), ('free', 7.96), ('happiness', 8.44)]"
349,4.244102564102563,"[('died', 1.56), ('arrested', 1.64), ('dead', 2.0), ('prison', 2.06), ('suffering', 2.22)]"
350,5.86485915492958,"[('loves', 7.96), ('loved', 7.96), ('laughed', 8.26), ('happiness', 8.44), ('laughter', 8.5)]"
351,6.165600000000001,"[('laughing', 8.2), ('laughed', 8.26), ('happy', 8.3), ('love', 8.42), ('happiness', 8.44)]"
352,4.632631578947369,"[('destitute', 1.98), ('hurt', 2.18), ('poor', 2.32), ('abandon', 2.54), ('mourning', 2.86)]"
353,4.377073170731711,"[('death', 1.54), ('torture', 1.58), ('fatality', 1.8), ('cry', 1.84), ('evil', 1.9)]"
354,5.134804270462636,"[('smile', 8.1), ('joy', 8.16), ('happy', 8.3), ('love', 8.42), ('happiness', 8.44)]"
355,5.2591666666666645,"[('loves', 7.96), ('pleasure', 8.08), ('happy', 8.3), ('love', 8.42), ('happiness', 8.44)]"
356,5.029253731343283,"[('great', 7.88), ('loved', 7.96), ('smiled', 8.08), ('smile', 8.1), ('happiness', 8.44)]"
357,5.344150943396227,"[('great', 7.88), ('loved', 7.96), ('rich', 7.98), ('pleasures', 8.08), ('joy', 8.16)]"
358,5.518133333333335,"[('profit', 7.66), ('great', 7.88), ('friends', 7.92), ('butterflies', 7.92), ('rich', 7.98)]"
359,4.504848484848486,"[('died', 1.56), ('painful', 2.12), ('tragic', 2.34), ('tears', 2.46), ('wound', 2.96)]"
360,4.218947368421052,"[('fatal', 1.8), ('poor', 2.32), ('grave', 2.56), ('lose', 2.76), ('blame', 2.82)]"
361,4.900571428571428,"[('die', 1.74), ('sick', 2.02), ('ill', 2.42), ('bad', 2.64), ('lost', 2.76)]"
362,4.884107142857142,"[('die', 1.74), ('fatal', 1.8), ('sorrow', 2.12), ('painfully', 2.12), ('poor', 2.32)]"
363,4.67080586080586,"[('suicide', 1.3), ('assassin', 1.48), ('assassinated', 1.48), ('assassinate', 1.48), ('assassination', 1.48)]"
