Thingummy,1
Susan,1
Lor,1
’m,1
Charlotte,1
Hush,1
Dick,1
Jack,1
Dawkins,1
John,1
Jew,1
Dodger,1
Wipes,1
Nancy,1
SPECIMEN,1
Mutton,1
Bedwin,1
Queer,1
Gentleman,1
Bill,1
William,1
Bet,1
Mealy,1
Barney,1
Betsy,1
Lauk,1
Bah,1
Crackit,1
Fagin,1
Tom,1
Brentford,1
Grannett,1
Sweet,1
Martha,1
Matter,1
Faguey,1
Damme,1
Phil,1
Quicker,1
Gad,1
Losberne,1
Maylie,1
Blathers,1
George,1
Harry,1
Joe,1
Lady,1
KEPT,1
Aye,1
Hatfield,1
Ben,1
Charley,1
Steady,1
